REGION	POS	REF	ALT	REF_DP	REF_RV	REF_QUAL	ALT_DP	ALT_RV	ALT_QUAL	ALT_FREQ	TOTAL_DP	PVAL	PASS	GFF_FEATURE	REF_CODON	REF_AA	ALT_CODON	ALT_AA
NC_045512.2	174	T	C	217.78111488031436	0	33	782.2188851196856	0	33	0.7822188851196856	1000	0	TRUE	NA	NA	NA	NA	NA
NC_045512.2	207	T	G	1000.0	0	33	0.0	0	33	0.0	1000	0	TRUE	NA	NA	NA	NA	NA
NC_045512.2	372	T	G	526.2078210241835	0	33	473.7921789758165	0	33	0.4737921789758165	1000	0	TRUE	NA	NA	NA	NA	NA
NC_045512.2	427	T	G	954.432197548115	0	33	45.56780245188498	0	33	0.04556780245188498	1000	0	TRUE	NA	NA	NA	NA	NA
NC_045512.2	479	G	T	844.0524409917342	0	33	155.94755900826578	0	33	0.1559475590082658	1000	0	TRUE	NA	NA	NA	NA	NA
NC_045512.2	568	G	T	954.432197548115	0	33	45.56780245188498	0	33	0.04556780245188498	1000	0	TRUE	NA	NA	NA	NA	NA
NC_045512.2	619	T	G	1.1102230246251565e-13	0	33	999.9999999999999	0	33	0.9999999999999999	1000	0	TRUE	NA	NA	NA	NA	NA
