Lineage	Frequency
L.1.2.1XL.1.3_high_1	0.6082763611161904
L.2XL.2.1_high_1	0.37330706375791833
auto.L.1	0.018416575125891226
