Lineage	Frequency
auto.L.1	0.7208766968727321
auto.L.2	0.24058893970017156
auto.L.1.1	0.03853436342709629
