Lineage	Frequency
auto.L.1.1	0.17819308842257345
L	0.7234138081349022
L.1.2.1XL.1.3_high_1	0.09839310344252439
