Lineage	Frequency
auto.L.1.3	0.9719042606568846
auto.L.1.2.2	0.02809573934311549
