Lineage	Frequency
L.1.1XL.3_low_1	0.3840715151782714
auto.L.2	0.31303888297069254
auto.L.4	0.11938614552355328
auto.L.5.1	0.09218324543003135
auto.L.1	0.09132021089745154
