Lineage	Frequency
auto.L.1	0.9151277674717074
L.1XL.1.1_high_1	0.08487223252829248
