Lineage	Frequency
auto.L.1.3	0.9433707258183152
L	0.056629274181684924
