REGION	POS	REF	ALT	REF_DP	REF_RV	REF_QUAL	ALT_DP	ALT_RV	ALT_QUAL	ALT_FREQ	TOTAL_DP	PVAL	PASS	GFF_FEATURE	REF_CODON	REF_AA	ALT_CODON	ALT_AA
NC_045512.2	229	G	T	881.4380228196736	0	33	118.56197718032635	0	33	0.11856197718032635	1000	0	TRUE	NA	NA	NA	NA	NA
NC_045512.2	246	T	G	259.43071255849594	0	33	740.5692874415041	0	33	0.7405692874415041	1000	0	TRUE	NA	NA	NA	NA	NA
