Lineage	Frequency
auto.L.2.1.2	0.3281163833107264
auto.L.2	0.20479105312226464
auto.L.2.1	0.23853227540177516
auto.L.2.2	0.228560288165234
