Lineage	Frequency
auto.L.1.1	0.7432989530635915
L.1XL.1.1_low_1	0.2567010469364086
