Lineage	Frequency
auto.L.1.1	0.12384241992175574
auto.L.1.3.1	0.664378935435817
L.1XL.1.1.1_high_1	0.0528046451654179
auto.L.1	0.05695211169229159
L	0.10202188778471763
