Lineage	Frequency
auto.L.2.1	0.3720032427178676
auto.L.1	0.13020574359060372
auto.L.3	0.19625958422893702
auto.L.2	0.24597072676966325
auto.L.1.1	0.0555607026929284
