REGION	POS	REF	ALT	REF_DP	REF_RV	REF_QUAL	ALT_DP	ALT_RV	ALT_QUAL	ALT_FREQ	TOTAL_DP	PVAL	PASS	GFF_FEATURE	REF_CODON	REF_AA	ALT_CODON	ALT_AA
NC_045512.2	97	T	G	983.8805829899512	0	33	16.119417010048817	0	33	0.016119417010048816	1000	0	TRUE	NA	NA	NA	NA	NA
NC_045512.2	287	T	C	983.8805829899512	0	33	16.119417010048817	0	33	0.016119417010048816	1000	0	TRUE	NA	NA	NA	NA	NA
