Lineage	Frequency
auto.L.3	0.4300599014239985
auto.L.1.1	0.4055351684597377
auto.L.1	0.16440493011626384
