Lineage	Frequency
auto.L.1.1	0.23740913515013304
auto.L.2	0.47120352891328937
auto.L.1	0.18588486382600128
auto.L.3	0.1055024721105763
