Lineage	Frequency
auto.L.1.4	0.6268625240916775
auto.L.1.3	0.20046010216524765
auto.L.1.2.1	0.17267737374307487
