Lineage	Frequency
L	0.7478651731483422
auto.L.1.1.1	0.2521348268516578
