Lineage	Frequency
L.1XL.2_high_1	0.8136291994056515
auto.L.2.1	0.18637080059434863
