Lineage	Frequency
L.1XL.1.1_low_1	0.18090045288878998
L	0.14200923441513844
auto.L.3	0.4486025402796281
auto.L.1.1	0.22848777241644355
