Lineage	Frequency
auto.L.5	0.2713561405702249
auto.L.4	0.2510170586427965
auto.L.1	0.03606975770983862
auto.L.5.1	0.20436630705651385
auto.L.1.1	0.23719073602062618
