Lineage	Frequency
auto.L.1	0.22468225969180788
auto.L.1.1	0.2742943870691232
L.1.1XL.1.2.2_low_1	0.47893157676952036
L.1.2.2XL.1.3_high_1	0.022091776469548484
