Lineage	Frequency
auto.L.2	0.5257719851163413
auto.L.2.2	0.4396226903350444
auto.L.1.2	0.034605324548614314
