Lineage	Frequency
auto.L.1	0.3199930373789679
auto.L.1.2	0.6042780312114572
L.1.1XL.3_low_1	0.07572893140957487
