Lineage	Frequency
L.2.1XL.2.2_low_1	0.5612802319596792
auto.L.2	0.4387197680403208
