Lineage	Frequency
auto.L.1.2.1	0.39687836621386063
auto.L.1.1.1	0.6031216337861394
