REGION	POS	REF	ALT	REF_DP	REF_RV	REF_QUAL	ALT_DP	ALT_RV	ALT_QUAL	ALT_FREQ	TOTAL_DP	PVAL	PASS	GFF_FEATURE	REF_CODON	REF_AA	ALT_CODON	ALT_AA
NC_045512.2	126	T	G	1000.0	0	33	0.0	0	33	0.0	1000	0	TRUE	NA	NA	NA	NA	NA
NC_045512.2	180	T	G	0.0	0	33	1000.0	0	33	1.0	1000	0	TRUE	NA	NA	NA	NA	NA
NC_045512.2	374	T	C	1000.0	0	33	0.0	0	33	0.0	1000	0	TRUE	NA	NA	NA	NA	NA
NC_045512.2	459	T	C	1000.0	0	33	0.0	0	33	0.0	1000	0	TRUE	NA	NA	NA	NA	NA
NC_045512.2	588	G	T	1000.0	0	33	0.0	0	33	0.0	1000	0	TRUE	NA	NA	NA	NA	NA
NC_045512.2	606	T	C	1000.0	0	33	0.0	0	33	0.0	1000	0	TRUE	NA	NA	NA	NA	NA
NC_045512.2	748	C	T	1000.0	0	33	0.0	0	33	0.0	1000	0	TRUE	NA	NA	NA	NA	NA
NC_045512.2	864	T	G	776.3563955077329	0	33	223.64360449226703	0	33	0.22364360449226703	1000	0	TRUE	NA	NA	NA	NA	NA
NC_045512.2	941	C	T	0.0	0	33	1000.0	0	33	1.0	1000	0	TRUE	NA	NA	NA	NA	NA
NC_045512.2	984	T	C	1000.0	0	33	0.0	0	33	0.0	1000	0	TRUE	NA	NA	NA	NA	NA
