Lineage	Frequency
auto.L.1.1.1.1	0.8759876368414495
auto.L.1.1.1.2	0.12401236315855053
