Lineage	Frequency
auto.L.2	0.4165312145112433
auto.L.5	0.5834687854887566
