Lineage	Frequency
L.1XL.2.1.2_low_1	0.2648821479197983
auto.L.2.2	0.44935077972954673
L.1.2XL.2.2_high_1	0.2857670723506548
