Lineage	Frequency
auto.L.1.3	0.2656650426702438
auto.L.1.2	0.27747424028148177
auto.L.1	0.3828633508170144
L.1.1.1XL.1.3_low_1	0.07399736623126016
