REGION	POS	REF	ALT	REF_DP	REF_RV	REF_QUAL	ALT_DP	ALT_RV	ALT_QUAL	ALT_FREQ	TOTAL_DP	PVAL	PASS	GFF_FEATURE	REF_CODON	REF_AA	ALT_CODON	ALT_AA
NC_045512.2	97	T	G	737.2742199392393	0	33	262.7257800607607	0	33	0.2627257800607607	1000	0	TRUE	NA	NA	NA	NA	NA
NC_045512.2	287	T	C	737.2742199392393	0	33	262.7257800607607	0	33	0.2627257800607607	1000	0	TRUE	NA	NA	NA	NA	NA
