Lineage	Frequency
auto.L.1	0.8042394009188305
L.1XL.2.1_high_1	0.19576059908116947
