Lineage	Frequency
auto.L.2.2	0.41749219893519535
auto.L.1.2	0.2860932643304445
L.1.2XL.2.1.2_high_1	0.292870515581912
auto.L.2.1	0.0035440211524478743
