Lineage	Frequency
auto.L.1.1	0.6222778285634226
auto.L.2	0.3777221714365775
