Lineage	Frequency
L	0.16680642346489233
auto.L.3	0.30019187040671946
L.2XL.5_low_1	0.3012580117239514
auto.L.2	0.14393640562694054
auto.L.1.1	0.08780728877749638
