Lineage	Frequency
auto.L.1.1	0.09784689773716738
L	0.2948670145861419
auto.L.5.1	0.0790868221324253
L.1XL.2_high_1	0.18404477260369043
auto.L.1	0.34415449294057493
