Lineage	Frequency
L.1.2XL.2_high_1	0.23953589669821299
auto.L.2	0.296304477233637
L	0.3170077872566625
auto.L.1.1	0.14715183881148738
