Lineage	Frequency
auto.L.1.3	0.2185621656427115
auto.L.1.1.1	0.5745482455206801
auto.L.1	0.06319964522144557
L.1.3XL.1.4_low_1	0.1436899436151629
