Lineage	Frequency
auto.L.2.2	0.29667897188064296
L.2.1XL.2.2_high_1	0.5503118090348827
auto.L.2	0.13688980207442536
auto.L.1.1	0.016119417010048816
