Lineage	Frequency
auto.L.3.2	0.8618161719830326
L	0.07773423496202635
auto.L.4	0.06044959305494104
