Lineage	Frequency
auto.L.1.2.1	0.5744446251669223
auto.L.1.1.1	0.144923862697293
auto.L.1	0.28063151213578474
