Lineage	Frequency
L	0.2107616950862287
auto.L.1.1	0.2784415339709574
auto.L.1.2.1	0.2929812126838035
auto.L.1.1.1	0.052439183748881
auto.L.1.3	0.16537637451012951
