Lineage	Frequency
L.1.1XL.2.2.1_high_1	0.7563231887967325
L.1XL.3_low_1	0.24367681120326734
