Lineage	Frequency
auto.L.1.2	0.33866540183619837
L.1.2XL.2.1.2_high_1	0.49981079997692685
auto.L.2.1	0.16152379818687485
