Lineage	Frequency
auto.L.2	0.8111705080927007
auto.L.2.2.1	0.18882949190729925
