Lineage	Frequency
L	0.7989775126450424
L.1XL.1.1_high_1	0.20102248735495767
