Lineage	Frequency
auto.L.1.1	0.5661310798305553
auto.L.2.1	0.23628940680036803
auto.L.2.2	0.1401257561334063
L.2XL.2.1.1_high_1	0.05745375723567042
