Lineage	Frequency
auto.L.2	0.5096280244203261
auto.L.2.2	0.24157693650204723
L.2.1.1XL.3_high_1	0.24879503907762673
