Lineage	Frequency
L.2XL.3_high_1	0.9557299914304273
L	0.04427000856957268
