Lineage	Frequency
auto.L.1.3	0.3867260065166414
L.1XL.1.2.2_low_1	0.32426347267018796
auto.L.1	0.18719932175463672
auto.L.1.2.2	0.10181119905853396
