Lineage	Frequency
auto.L.2.1.1	0.8469950395514572
auto.L.2.2	0.10701693636344631
auto.L.1	0.045988024085096384
