Lineage	Frequency
auto.L.1.1.2.2	0.5108553076465949
L.1.1.1.1XL.1.1.2.1_high_1	0.42395166088117536
auto.L.1.1.2.1	0.06519303147222962
