Lineage	Frequency
L.1.1XL.2.1.1_high_1	0.7392892486745615
auto.L.1.1	0.16199291656781586
L.2XL.2.1_low_1	0.09871783475762258
