Lineage	Frequency
auto.L.1.1.1	0.4481567031861834
auto.L.1	0.31993647549318904
L	0.07379764240772652
auto.L.1.2.1	0.15810917891290097
