Lineage	Frequency
auto.L.1.1.2.2	0.205522549799691
auto.L.1.2	0.4275100504291892
auto.L.1.1	0.31184816897531387
L	0.0551192307958058
