Lineage	Frequency
auto.L.2	0.38370758716923836
L	0.19487076883379228
L.1.1XL.5.1_high_1	0.14221021023128186
auto.L.5.1	0.2792114337656876
