Lineage	Frequency
auto.L.1.1.1	0.8998158546494709
auto.L.1.1.2	0.100184145350529
