REGION	POS	REF	ALT	REF_DP	REF_RV	REF_QUAL	ALT_DP	ALT_RV	ALT_QUAL	ALT_FREQ	TOTAL_DP	PVAL	PASS	GFF_FEATURE	REF_CODON	REF_AA	ALT_CODON	ALT_AA
NC_045512.2	87	T	C	1000.0	0	33	0.0	0	33	0.0	1000	0	TRUE	NA	NA	NA	NA	NA
NC_045512.2	194	C	T	981.0337262824801	0	33	18.966273717519893	0	33	0.018966273717519893	1000	0	TRUE	NA	NA	NA	NA	NA
NC_045512.2	337	T	G	1000.0	0	33	0.0	0	33	0.0	1000	0	TRUE	NA	NA	NA	NA	NA
NC_045512.2	659	T	C	531.5287541947238	0	33	468.4712458052762	0	33	0.4684712458052762	1000	0	TRUE	NA	NA	NA	NA	NA
NC_045512.2	737	G	T	18.966273717519798	0	33	981.0337262824802	0	33	0.9810337262824802	1000	0	TRUE	NA	NA	NA	NA	NA
NC_045512.2	884	C	T	1000.0	0	33	0.0	0	33	0.0	1000	0	TRUE	NA	NA	NA	NA	NA
