Lineage	Frequency
L.1.2XL.2.1.2_high_1	0.6022613766806361
auto.L.2	0.19942973981826181
auto.L.1.2	0.19830888350110196
