Lineage	Frequency
auto.L.1.3	0.9403844649882582
auto.L.1	0.05961553501174171
