Lineage	Frequency
auto.L.2.1	0.523293750695503
auto.L.3	0.1421337078408048
auto.L.1.3	0.20194480398254483
auto.L.1	0.10097893376376546
auto.L.1.1	0.031648803717381976
