Lineage	Frequency
auto.L.1.2	0.8140642066055271
L	0.1859357933944728
