Lineage	Frequency
auto.L.1.2.1	0.39491710603398417
auto.L.1.3	0.411853463740528
L	0.15918779938717217
auto.L.1.4	0.03404163083831566
