Lineage	Frequency
auto.L.2.1.1	0.6971921381403086
L	0.3028078618596913
