Lineage	Frequency
auto.L.1.4	0.5355000853225457
auto.L.1.2.1	0.4644999146774543
