Lineage	Frequency
L.2XL.2.1.1_high_1	0.8975900355706287
auto.L.2	0.10240996442937131
