REGION	POS	REF	ALT	REF_DP	REF_RV	REF_QUAL	ALT_DP	ALT_RV	ALT_QUAL	ALT_FREQ	TOTAL_DP	PVAL	PASS	GFF_FEATURE	REF_CODON	REF_AA	ALT_CODON	ALT_AA
NC_045512.2	63	T	G	943.0287819305698	0	33	56.971218069430186	0	33	0.05697121806943019	1000	0	TRUE	NA	NA	NA	NA	NA
NC_045512.2	279	T	C	325.8314699319933	0	33	674.1685300680067	0	33	0.6741685300680067	1000	0	TRUE	NA	NA	NA	NA	NA
NC_045512.2	506	C	T	1000.0	0	33	0.0	0	33	0.0	1000	0	TRUE	NA	NA	NA	NA	NA
