Lineage	Frequency
auto.L.2.1.2	0.7289506906547157
L.2.1XL.2.2_high_1	0.2710493093452844
