Lineage	Frequency
auto.L.2.1	0.4885155990115404
L.2.2.1XL.3_high_1	0.35528301841593
L.2.1XL.3_low_1	0.1288921715813398
L	0.027309210991189672
