Lineage	Frequency
auto.L.4	0.2639993463270751
L	0.4508704182551263
auto.L.5.1	0.19611983117106802
auto.L.5	0.08901040424673042
