Lineage	Frequency
auto.L.1.3	0.2557004603509906
auto.L.2	0.3662427250351038
auto.L.1.1	0.3546037576917949
L.1.1XL.1.2_low_1	0.02345305692211071
