Lineage	Frequency
auto.L.2	0.34659863456475565
L	0.42709405962022
auto.L.1	0.20913837320493753
auto.L.2.1	0.017168932610086843
