Lineage	Frequency
auto.L.1.1	0.9254749203402003
auto.L.1	0.07452507965979974
