Lineage	Frequency
auto.L.1.1	0.4118049080241083
L	0.08801744663484282
auto.L.1.1.1	0.25811660191555486
auto.L.1.2	0.24206104342549395
