Lineage	Frequency
auto.L.3	0.132678949566718
auto.L.1	0.32784726574903883
L	0.4570390016683116
auto.L.2.1	0.08243478301593161
