Lineage	Frequency
auto.L.1.2	0.18541955281297562
L	0.2806809906512471
auto.L.2.1.1	0.38766164144486753
auto.L.2.1.2	0.041446522807329855
auto.L.1	0.10479129228357995
