Lineage	Frequency
L	0.4974845528875168
auto.L.1.1	0.17512685074557321
auto.L.1	0.18878757036921262
auto.L.3	0.09863122804284245
auto.L.2.1.1	0.03996979795485484
