Lineage	Frequency
auto.L.2.2	0.7763563955077329
auto.L.2.2.1	0.22364360449226703
