Lineage	Frequency
auto.L.2	0.986551179617166
auto.L.1	0.013448820382833996
