Lineage	Frequency
auto.L.1.1	0.7351115335465501
auto.L.2	0.2648884664534498
