Lineage	Frequency
auto.L.3	0.9202248115753694
L.1XL.1.1_low_1	0.0797751884246306
