Lineage	Frequency
auto.L.5	0.5637753560769732
L.2XL.5_low_1	0.13354582110334093
auto.L.1	0.21388242006188068
auto.L.4	0.08059211486856811
auto.L.2	0.008204287889236868
