Lineage	Frequency
L.1.2XL.2.1.2_high_1	0.628641693442805
auto.L.2.2	0.371358306557195
