Lineage	Frequency
L.2XL.2.1_high_1	0.9003232323024694
auto.L.1.1	0.09967676769753053
