Lineage	Frequency
auto.L.2.1	0.9389755312948348
L.1XL.2.1.2_low_1	0.061024468705165355
