Lineage	Frequency
auto.L.4	0.5087667288158396
L	0.4912332711841603
