Lineage	Frequency
auto.L.1.1.2.1	0.8754753432988491
auto.L.1.1.2	0.12452465670115077
