Lineage	Frequency
auto.L.2	0.7190931914919702
L.1XL.2_high_1	0.2332870511089226
auto.L.1.3	0.0476197573991074
