Lineage	Frequency
L	0.7748830565924677
L.1.1XL.1.3_high_1	0.22511694340753235
