Lineage	Frequency
auto.L.1	0.5228268659397467
auto.L.1.3	0.4555852577060408
auto.L.1.2	0.021587876354212592
