Lineage	Frequency
auto.L.1.2.1	0.4002063186714304
auto.L.1	0.478862712365316
auto.L.1.2.2	0.12093096896325362
