REGION	POS	REF	ALT	REF_DP	REF_RV	REF_QUAL	ALT_DP	ALT_RV	ALT_QUAL	ALT_FREQ	TOTAL_DP	PVAL	PASS	GFF_FEATURE	REF_CODON	REF_AA	ALT_CODON	ALT_AA
NC_045512.2	87	T	C	1000.0	0	33	0.0	0	33	0.0	1000	0	TRUE	NA	NA	NA	NA	NA
NC_045512.2	194	C	T	800.5702601817381	0	33	199.42973981826182	0	33	0.19942973981826181	1000	0	TRUE	NA	NA	NA	NA	NA
NC_045512.2	337	T	G	1000.0	0	33	0.0	0	33	0.0	1000	0	TRUE	NA	NA	NA	NA	NA
NC_045512.2	659	T	C	1000.0	0	33	0.0	0	33	0.0	1000	0	TRUE	NA	NA	NA	NA	NA
NC_045512.2	737	G	T	199.42973981826196	0	33	800.570260181738	0	33	0.800570260181738	1000	0	TRUE	NA	NA	NA	NA	NA
NC_045512.2	884	C	T	1000.0	0	33	0.0	0	33	0.0	1000	0	TRUE	NA	NA	NA	NA	NA
