Lineage	Frequency
auto.L.4	0.5589136455073528
auto.L.1.1	0.26000659125200676
L.2XL.4_high_1	0.18107976324064065
