Lineage	Frequency
L.1.2.1XL.2_low_1	0.20455796930496137
auto.L.1.3	0.5604018077999392
auto.L.1	0.1940285851910915
L.1XL.1.2.1_high_1	0.041011637704007946
