Lineage	Frequency
L.1.1XL.1.1.1.1_high_1	0.9555646767201185
auto.L.1.1	0.04443532327988171
