Lineage	Frequency
auto.L.1.2	0.6302191978099266
auto.L.1	0.3676728225452048
auto.L.1.1.2.2	0.002107979644868736
