Lineage	Frequency
L.1XL.1.1_low_1	0.3534466659616924
L.1.1XL.1.1.1_high_1	0.38074567700978024
auto.L.2.1	0.20334912842329203
auto.L.1.2	0.06245852860523534
