Lineage	Frequency
L.1.1XL.1.1.4_low_1	0.6104428970529671
auto.L.1.1	0.38955710294703305
