REGION	POS	REF	ALT	REF_DP	REF_RV	REF_QUAL	ALT_DP	ALT_RV	ALT_QUAL	ALT_FREQ	TOTAL_DP	PVAL	PASS	GFF_FEATURE	REF_CODON	REF_AA	ALT_CODON	ALT_AA
NC_045512.2	63	T	G	934.8069685277703	0	33	65.19303147222962	0	33	0.06519303147222962	1000	0	TRUE	NA	NA	NA	NA	NA
NC_045512.2	279	T	C	576.0483391188247	0	33	423.95166088117537	0	33	0.42395166088117536	1000	0	TRUE	NA	NA	NA	NA	NA
NC_045512.2	506	C	T	1000.0	0	33	0.0	0	33	0.0	1000	0	TRUE	NA	NA	NA	NA	NA
