Lineage	Frequency
L	0.6846332762666055
auto.L.1	0.180969992327395
auto.L.1.1.2.2	0.013687066460768671
auto.L.1.1.2	0.12070966494523076
