Lineage	Frequency
auto.L.1.1.1	0.37305006827335746
auto.L.1.2.2	0.12434644607948146
auto.L.1.4	0.46627333175727387
auto.L.1.3	0.03633015388988731
