Lineage	Frequency
auto.L.1.1	0.3832660822040214
auto.L.1.1.4	0.11499924584122005
L.1XL.1.1.2.1_high_1	0.3953990462950628
auto.L.1.1.1	0.10633562565969552
