Lineage	Frequency
auto.L.2	0.568639723130834
L.1XL.5.1_high_1	0.22107644843788715
auto.L.1.1	0.2102838284312789
