Lineage	Frequency
auto.L.1.1.2	0.8657418085343682
auto.L.1	0.1342581914656318
