Lineage	Frequency
auto.L.1.3	0.7270696054493676
auto.L.1.1.1	0.27293039455063245
