Lineage	Frequency
auto.L.1.2	0.5667089394022695
auto.L.1.4	0.4332910605977305
