Lineage	Frequency
L	0.6480404393715015
auto.L.1.2	0.05878687877364774
L.1.1XL.1.4_high_1	0.11848882691108732
auto.L.1	0.1534890335221461
auto.L.1.1	0.021194821421617414
