Lineage	Frequency
auto.L.1.2.1	0.7575500303244305
auto.L.1.1.1	0.24244996967556964
