Lineage	Frequency
auto.L.1.3	0.3062828664982546
auto.L.2.1	0.6379108750742433
L.1.2.1XL.1.3_high_1	0.05580625842750212
