Lineage	Frequency
auto.L.1.1.2	0.5503211555390444
auto.L.1.4	0.4496788444609557
