Lineage	Frequency
auto.L.1.2.1	0.49617432224633007
auto.L.1.2.2	0.4457161090896081
auto.L.1.3	0.05810956866406194
