Lineage	Frequency
auto.L.1.3	0.6357430319867889
auto.L.1.2	0.19616182201942603
L	0.168095145993785
