Lineage	Frequency
auto.L.5.1	0.28211915721882824
auto.L.1.1	0.44515738871197347
L.1XL.5.1_low_1	0.09695392021895509
auto.L.3	0.1676909768818798
L	0.008078556968363274
