Lineage	Frequency
auto.L.1.1.2.2	0.47372208845478014
auto.L.1.1.1	0.45093609463095957
auto.L.1.1.3	0.07534181691426009
