Lineage	Frequency
auto.L.1.1	0.7922896644673766
auto.L.1.1.1	0.19864791551749397
L	0.00906242001512934
