Lineage	Frequency
auto.L.2.1.1	0.3500546633894381
L.1XL.2_high_1	0.31139531532418246
auto.L.2.1	0.33855002128637934
