Lineage	Frequency
auto.L.3	0.15630651150379699
auto.L.1	0.3188905871005194
auto.L.5.1	0.2605145038217503
auto.L.4	0.20615599762499906
auto.L.2	0.05813239994893426
