Lineage	Frequency
auto.L.2	0.8337085271405164
auto.L.1	0.16629147285948367
