Lineage	Frequency
L	0.7156722527069355
auto.L.2.2.1	0.18274885301973365
auto.L.2.1.1	0.10157889427333085
