Lineage	Frequency
L	0.3139332642992813
auto.L.1.1.1	0.5151021652520217
auto.L.1.2.2	0.17096457044869703
