Lineage	Frequency
auto.L.1.4	0.22412058157530906
L	0.5091498849229071
L.1.1.1XL.1.3_high_1	0.18373403500950433
auto.L.1.2	0.0829954984922794
