Lineage	Frequency
auto.L.3	0.4211006864026704
auto.L.2.1	0.514269940846044
L.1.1XL.2.2.1_high_1	0.031162323035032306
auto.L.1	0.03346704971625318
