Lineage	Frequency
L.1.1XL.3_low_1	0.5644991120312716
auto.L.2.1	0.43550088796872855
