Lineage	Frequency
auto.L.1	0.44015656373088285
auto.L.1.1	0.2262598367830261
auto.L.2.1	0.3072745862278584
auto.L.2.1.1	0.026309013258232584
