Lineage	Frequency
auto.L.4	0.4469679506122899
auto.L.5	0.11633448344864072
L	0.2208554668977587
auto.L.5.1	0.21149043369629586
auto.L.1.1	0.004351665345014711
