Lineage	Frequency
auto.L.1	0.5358169984622487
auto.L.2.2	0.4641830015377512
