REGION	POS	REF	ALT	REF_DP	REF_RV	REF_QUAL	ALT_DP	ALT_RV	ALT_QUAL	ALT_FREQ	TOTAL_DP	PVAL	PASS	GFF_FEATURE	REF_CODON	REF_AA	ALT_CODON	ALT_AA
NC_045512.2	17	T	C	-2.220446049250313e-13	0	33	1000.0000000000002	0	33	1.0000000000000002	1000	0	TRUE	NA	NA	NA	NA	NA
NC_045512.2	94	T	C	-2.220446049250313e-13	0	33	1000.0000000000002	0	33	1.0000000000000002	1000	0	TRUE	NA	NA	NA	NA	NA
NC_045512.2	120	T	G	926.0026337687398	0	33	73.99736623126016	0	33	0.07399736623126016	1000	0	TRUE	NA	NA	NA	NA	NA
NC_045512.2	204	C	T	734.3349573297562	0	33	265.66504267024385	0	33	0.2656650426702438	1000	0	TRUE	NA	NA	NA	NA	NA
NC_045512.2	323	T	G	660.337591098496	0	33	339.662408901504	0	33	0.339662408901504	1000	0	TRUE	NA	NA	NA	NA	NA
NC_045512.2	428	T	G	1000.0	0	33	0.0	0	33	0.0	1000	0	TRUE	NA	NA	NA	NA	NA
NC_045512.2	454	T	G	1000.0	0	33	0.0	0	33	0.0	1000	0	TRUE	NA	NA	NA	NA	NA
NC_045512.2	481	T	G	-2.220446049250313e-13	0	33	1000.0000000000002	0	33	1.0000000000000002	1000	0	TRUE	NA	NA	NA	NA	NA
NC_045512.2	531	T	G	-2.220446049250313e-13	0	33	1000.0000000000002	0	33	1.0000000000000002	1000	0	TRUE	NA	NA	NA	NA	NA
NC_045512.2	623	T	G	1000.0	0	33	0.0	0	33	0.0	1000	0	TRUE	NA	NA	NA	NA	NA
NC_045512.2	644	T	C	-2.220446049250313e-13	0	33	1000.0000000000002	0	33	1.0000000000000002	1000	0	TRUE	NA	NA	NA	NA	NA
NC_045512.2	673	A	G	926.0026337687398	0	33	73.99736623126016	0	33	0.07399736623126016	1000	0	TRUE	NA	NA	NA	NA	NA
NC_045512.2	729	T	C	-2.220446049250313e-13	0	33	1000.0000000000002	0	33	1.0000000000000002	1000	0	TRUE	NA	NA	NA	NA	NA
NC_045512.2	829	G	A	-2.220446049250313e-13	0	33	1000.0000000000002	0	33	1.0000000000000002	1000	0	TRUE	NA	NA	NA	NA	NA
NC_045512.2	963	T	C	-2.220446049250313e-13	0	33	1000.0000000000002	0	33	1.0000000000000002	1000	0	TRUE	NA	NA	NA	NA	NA
NC_045512.2	964	G	T	926.0026337687398	0	33	73.99736623126016	0	33	0.07399736623126016	1000	0	TRUE	NA	NA	NA	NA	NA
