Lineage	Frequency
L.1XL.1.1.1_high_1	0.6342236075298737
auto.L.1.4	0.14450463140147368
L	0.20341407267808315
L.1.1XL.1.2.2_low_1	0.01785768839056937
