Lineage	Frequency
auto.L.1	0.7345442746336376
auto.L.2	0.2654557253663624
