Lineage	Frequency
auto.L.1.1.1	0.8113005415581145
L.1XL.1.2.1_high_1	0.1886994584418856
