Lineage	Frequency
auto.L.1.1	0.4696067533008571
auto.L.1.3	0.10115192113594879
auto.L.1.2	0.19569911723802516
auto.L.1.1.1	0.23354220832516906
