Lineage	Frequency
auto.L.1.3	0.40025832004629114
auto.L.1.2	0.12348985050956575
auto.L.1	0.28927181039362787
L.1.1XL.1.1.1_high_1	0.18698001905051517
