Lineage	Frequency
auto.L.1.2	0.512562480477204
L.1.2XL.2.2_high_1	0.4684712458052762
auto.L.2.2	0.018966273717519893
