Lineage	Frequency
L	0.9363858905774772
auto.L.1.1.2.1	0.06361410942252269
