Lineage	Frequency
L.1.2XL.2.1_high_1	0.5794505434701023
L.1.1.1XL.3_low_1	0.3506114479150281
auto.L.1.1.1	0.06993800861486968
