REGION	POS	REF	ALT	REF_DP	REF_RV	REF_QUAL	ALT_DP	ALT_RV	ALT_QUAL	ALT_FREQ	TOTAL_DP	PVAL	PASS	GFF_FEATURE	REF_CODON	REF_AA	ALT_CODON	ALT_AA
NC_045512.2	126	T	G	1000.0	0	33	0.0	0	33	0.0	1000	0	TRUE	NA	NA	NA	NA	NA
NC_045512.2	180	T	G	1000.0	0	33	0.0	0	33	0.0	1000	0	TRUE	NA	NA	NA	NA	NA
NC_045512.2	374	T	C	1000.0	0	33	0.0	0	33	0.0	1000	0	TRUE	NA	NA	NA	NA	NA
NC_045512.2	459	T	C	551.3974597203719	0	33	448.6025402796281	0	33	0.4486025402796281	1000	0	TRUE	NA	NA	NA	NA	NA
NC_045512.2	588	G	T	142.00923441513837	0	33	857.9907655848616	0	33	0.8579907655848616	1000	0	TRUE	NA	NA	NA	NA	NA
NC_045512.2	606	T	C	142.00923441513837	0	33	857.9907655848616	0	33	0.8579907655848616	1000	0	TRUE	NA	NA	NA	NA	NA
NC_045512.2	748	C	T	590.6117746947665	0	33	409.38822530523356	0	33	0.40938822530523356	1000	0	TRUE	NA	NA	NA	NA	NA
NC_045512.2	864	T	G	1000.0	0	33	0.0	0	33	0.0	1000	0	TRUE	NA	NA	NA	NA	NA
NC_045512.2	941	C	T	1000.0	0	33	0.0	0	33	0.0	1000	0	TRUE	NA	NA	NA	NA	NA
NC_045512.2	984	T	C	590.6117746947665	0	33	409.38822530523356	0	33	0.40938822530523356	1000	0	TRUE	NA	NA	NA	NA	NA
