Lineage	Frequency
L	0.6747552818580784
auto.L.1.3	0.32524471814192163
