Lineage	Frequency
auto.L.2.2	0.9028727741551908
auto.L.2.1.2	0.09712722584480907
