Lineage	Frequency
auto.L.2.1.1	0.7011792842388254
L	0.29882071576117475
