Lineage	Frequency
L	0.40785735645997306
auto.L.1.4	0.5129371521231316
auto.L.1.1	0.07920549141689513
