Lineage	Frequency
auto.L.2.1.2	0.8348806779612336
auto.L.1	0.16511932203876636
