REGION	POS	REF	ALT	REF_DP	REF_RV	REF_QUAL	ALT_DP	ALT_RV	ALT_QUAL	ALT_FREQ	TOTAL_DP	PVAL	PASS	GFF_FEATURE	REF_CODON	REF_AA	ALT_CODON	ALT_AA
NC_045512.2	203	T	C	832.3090231181202	0	33	167.6909768818798	0	33	0.1676909768818798	1000	0	TRUE	NA	NA	NA	NA	NA
NC_045512.2	221	T	C	832.3090231181202	0	33	167.6909768818798	0	33	0.1676909768818798	1000	0	TRUE	NA	NA	NA	NA	NA
NC_045512.2	374	T	C	1000.0	0	33	0.0	0	33	0.0	1000	0	TRUE	NA	NA	NA	NA	NA
NC_045512.2	396	T	G	1000.0	0	33	0.0	0	33	0.0	1000	0	TRUE	NA	NA	NA	NA	NA
NC_045512.2	675	T	G	554.8426112880264	0	33	445.15738871197345	0	33	0.44515738871197347	1000	0	TRUE	NA	NA	NA	NA	NA
NC_045512.2	903	G	A	554.8426112880264	0	33	445.15738871197345	0	33	0.44515738871197347	1000	0	TRUE	NA	NA	NA	NA	NA
NC_045512.2	943	G	T	1000.0	0	33	0.0	0	33	0.0	1000	0	TRUE	NA	NA	NA	NA	NA
