Lineage	Frequency
auto.L.1.1.2.1	0.41160481224823264
L.1XL.1.1_high_1	0.24329578938519766
auto.L.1.2	0.1523987027102071
L	0.19270069565636253
