REGION	POS	REF	ALT	REF_DP	REF_RV	REF_QUAL	ALT_DP	ALT_RV	ALT_QUAL	ALT_FREQ	TOTAL_DP	PVAL	PASS	GFF_FEATURE	REF_CODON	REF_AA	ALT_CODON	ALT_AA
NC_045512.2	87	T	C	1000.0	0	33	0.0	0	33	0.0	1000	0	TRUE	NA	NA	NA	NA	NA
NC_045512.2	194	C	T	61.024468705165205	0	33	938.9755312948348	0	33	0.9389755312948348	1000	0	TRUE	NA	NA	NA	NA	NA
NC_045512.2	337	T	G	938.9755312948347	0	33	61.024468705165354	0	33	0.061024468705165355	1000	0	TRUE	NA	NA	NA	NA	NA
NC_045512.2	659	T	C	1000.0	0	33	0.0	0	33	0.0	1000	0	TRUE	NA	NA	NA	NA	NA
NC_045512.2	737	G	T	938.9755312948347	0	33	61.024468705165354	0	33	0.061024468705165355	1000	0	TRUE	NA	NA	NA	NA	NA
NC_045512.2	884	C	T	938.9755312948347	0	33	61.024468705165354	0	33	0.061024468705165355	1000	0	TRUE	NA	NA	NA	NA	NA
