Lineage	Frequency
auto.L.1	0.19216581343077743
auto.L.2	0.48679210259720795
L	0.09751158927502124
auto.L.3	0.21354463029468007
auto.L.5	0.009985864402313341
