Lineage	Frequency
L	0.5350458854461536
auto.L.2.2	0.36552353635974827
auto.L.1	0.09943057819409809
