Lineage	Frequency
auto.L.2.2	0.31638153361820537
L	0.37974774950852913
auto.L.3	0.03255369494327262
auto.L.1	0.25791615427824893
auto.L.2.1	0.013400867651744017
