REGION	POS	REF	ALT	REF_DP	REF_RV	REF_QUAL	ALT_DP	ALT_RV	ALT_QUAL	ALT_FREQ	TOTAL_DP	PVAL	PASS	GFF_FEATURE	REF_CODON	REF_AA	ALT_CODON	ALT_AA
NC_045512.2	87	T	C	1000.0	0	33	0.0	0	33	0.0	1000	0	TRUE	NA	NA	NA	NA	NA
NC_045512.2	194	C	T	550.6492202704533	0	33	449.35077972954673	0	33	0.44935077972954673	1000	0	TRUE	NA	NA	NA	NA	NA
NC_045512.2	337	T	G	735.1178520802017	0	33	264.8821479197983	0	33	0.2648821479197983	1000	0	TRUE	NA	NA	NA	NA	NA
NC_045512.2	659	T	C	714.2329276493452	0	33	285.7670723506548	0	33	0.2857670723506548	1000	0	TRUE	NA	NA	NA	NA	NA
NC_045512.2	737	G	T	449.35077972954684	0	33	550.6492202704532	0	33	0.5506492202704532	1000	0	TRUE	NA	NA	NA	NA	NA
NC_045512.2	884	C	T	735.1178520802017	0	33	264.8821479197983	0	33	0.2648821479197983	1000	0	TRUE	NA	NA	NA	NA	NA
