Lineage	Frequency
auto.L.1.2	0.407660681331521
L.1.1XL.1.2_low_1	0.2139470536455154
auto.L.2.2	0.28056779768354945
auto.L.2.1.2	0.09782446733941412
