Lineage	Frequency
L	0.6218512596702477
auto.L.1.1	0.3383501361335981
auto.L.1	0.03979860419615433
