REGION	POS	REF	ALT	REF_DP	REF_RV	REF_QUAL	ALT_DP	ALT_RV	ALT_QUAL	ALT_FREQ	TOTAL_DP	PVAL	PASS	GFF_FEATURE	REF_CODON	REF_AA	ALT_CODON	ALT_AA
NC_045512.2	17	T	C	1.1102230246251565e-13	0	33	999.9999999999999	0	33	0.9999999999999999	1000	0	TRUE	NA	NA	NA	NA	NA
NC_045512.2	94	T	C	1.1102230246251565e-13	0	33	999.9999999999999	0	33	0.9999999999999999	1000	0	TRUE	NA	NA	NA	NA	NA
NC_045512.2	120	T	G	1000.0	0	33	0.0	0	33	0.0	1000	0	TRUE	NA	NA	NA	NA	NA
NC_045512.2	204	C	T	1000.0	0	33	0.0	0	33	0.0	1000	0	TRUE	NA	NA	NA	NA	NA
NC_045512.2	323	T	G	1000.0	0	33	0.0	0	33	0.0	1000	0	TRUE	NA	NA	NA	NA	NA
NC_045512.2	428	T	G	915.1277674717076	0	33	84.87223252829249	0	33	0.08487223252829248	1000	0	TRUE	NA	NA	NA	NA	NA
NC_045512.2	454	T	G	915.1277674717076	0	33	84.87223252829249	0	33	0.08487223252829248	1000	0	TRUE	NA	NA	NA	NA	NA
NC_045512.2	481	T	G	1.1102230246251565e-13	0	33	999.9999999999999	0	33	0.9999999999999999	1000	0	TRUE	NA	NA	NA	NA	NA
NC_045512.2	531	T	G	1.1102230246251565e-13	0	33	999.9999999999999	0	33	0.9999999999999999	1000	0	TRUE	NA	NA	NA	NA	NA
NC_045512.2	623	T	G	915.1277674717076	0	33	84.87223252829249	0	33	0.08487223252829248	1000	0	TRUE	NA	NA	NA	NA	NA
NC_045512.2	644	T	C	1.1102230246251565e-13	0	33	999.9999999999999	0	33	0.9999999999999999	1000	0	TRUE	NA	NA	NA	NA	NA
NC_045512.2	673	A	G	1000.0	0	33	0.0	0	33	0.0	1000	0	TRUE	NA	NA	NA	NA	NA
NC_045512.2	729	T	C	1.1102230246251565e-13	0	33	999.9999999999999	0	33	0.9999999999999999	1000	0	TRUE	NA	NA	NA	NA	NA
NC_045512.2	829	G	A	1.1102230246251565e-13	0	33	999.9999999999999	0	33	0.9999999999999999	1000	0	TRUE	NA	NA	NA	NA	NA
NC_045512.2	963	T	C	1.1102230246251565e-13	0	33	999.9999999999999	0	33	0.9999999999999999	1000	0	TRUE	NA	NA	NA	NA	NA
NC_045512.2	964	G	T	1000.0	0	33	0.0	0	33	0.0	1000	0	TRUE	NA	NA	NA	NA	NA
