Lineage	Frequency
L.1.2XL.2.1.2_high_1	0.621015368185827
L.1XL.2.1.2_low_1	0.3535790800477624
auto.L.2.1.1	0.025405551766410635
