REGION	POS	REF	ALT	REF_DP	REF_RV	REF_QUAL	ALT_DP	ALT_RV	ALT_QUAL	ALT_FREQ	TOTAL_DP	PVAL	PASS	GFF_FEATURE	REF_CODON	REF_AA	ALT_CODON	ALT_AA
NC_045512.2	17	T	C	144.66793635497055	0	33	855.3320636450294	0	33	0.8553320636450295	1000	0	TRUE	NA	NA	NA	NA	NA
NC_045512.2	94	T	C	144.66793635497055	0	33	855.3320636450294	0	33	0.8553320636450295	1000	0	TRUE	NA	NA	NA	NA	NA
NC_045512.2	120	T	G	746.0335996646533	0	33	253.96640033534678	0	33	0.2539664003353468	1000	0	TRUE	NA	NA	NA	NA	NA
NC_045512.2	204	C	T	704.7094604428353	0	33	295.29053955716483	0	33	0.29529053955716483	1000	0	TRUE	NA	NA	NA	NA	NA
NC_045512.2	323	T	G	475.5326708936043	0	33	524.4673291063957	0	33	0.5244673291063957	1000	0	TRUE	NA	NA	NA	NA	NA
NC_045512.2	428	T	G	1000.0	0	33	0.0	0	33	0.0	1000	0	TRUE	NA	NA	NA	NA	NA
NC_045512.2	454	T	G	1000.0	0	33	0.0	0	33	0.0	1000	0	TRUE	NA	NA	NA	NA	NA
NC_045512.2	481	T	G	144.66793635497055	0	33	855.3320636450294	0	33	0.8553320636450295	1000	0	TRUE	NA	NA	NA	NA	NA
NC_045512.2	531	T	G	144.66793635497055	0	33	855.3320636450294	0	33	0.8553320636450295	1000	0	TRUE	NA	NA	NA	NA	NA
NC_045512.2	623	T	G	1000.0	0	33	0.0	0	33	0.0	1000	0	TRUE	NA	NA	NA	NA	NA
NC_045512.2	644	T	C	144.66793635497055	0	33	855.3320636450294	0	33	0.8553320636450295	1000	0	TRUE	NA	NA	NA	NA	NA
NC_045512.2	673	A	G	746.0335996646533	0	33	253.96640033534678	0	33	0.2539664003353468	1000	0	TRUE	NA	NA	NA	NA	NA
NC_045512.2	729	T	C	144.66793635497055	0	33	855.3320636450294	0	33	0.8553320636450295	1000	0	TRUE	NA	NA	NA	NA	NA
NC_045512.2	829	G	A	144.66793635497055	0	33	855.3320636450294	0	33	0.8553320636450295	1000	0	TRUE	NA	NA	NA	NA	NA
NC_045512.2	963	T	C	144.66793635497055	0	33	855.3320636450294	0	33	0.8553320636450295	1000	0	TRUE	NA	NA	NA	NA	NA
NC_045512.2	964	G	T	746.0335996646533	0	33	253.96640033534678	0	33	0.2539664003353468	1000	0	TRUE	NA	NA	NA	NA	NA
