Lineage	Frequency
auto.L.1	0.473120043956105
L.1XL.1.1_high_1	0.3829734660717718
auto.L.1.2.2	0.13227353743339915
auto.L.1.3	0.01163295253872411
