Lineage	Frequency
auto.L.1	0.6946447601555428
auto.L.1.1	0.12335974014351818
auto.L.1.1.1	0.18199549970093912
