Lineage	Frequency
L.1XL.1.1_high_1	0.6865954150237177
auto.L.1.3	0.29573791503282265
auto.L.1.2	0.01766666994345963
