Lineage	Frequency
L.2XL.2.2_high_1	0.7922331012066999
auto.L.2.1.1	0.20776689879330001
