Lineage	Frequency
auto.L.1	0.4089867587330036
L.2.1.1XL.2.1.2_low_1	0.3987465615204446
auto.L.1.1	0.19226667974655184
