Lineage	Frequency
auto.L.1.4	0.5824245546921959
auto.L.1.2	0.06769523701373861
auto.L.1.1	0.34988020829406546
