Lineage	Frequency
auto.L.1	0.3343061610939169
L.1XL.2_high_1	0.3548410044817681
auto.L.2	0.09922782133878776
L.1.1XL.3_low_1	0.21162501308552734
