Lineage	Frequency
L.1.1XL.1.1.2_high_1	0.5656187748746527
auto.L.1.1.2.2	0.43438122512534727
