Lineage	Frequency
auto.L.1	0.3340948857181453
L.1XL.1.4_high_1	0.5314967624030787
auto.L.1.3	0.13440835187877592
