Lineage	Frequency
auto.L.1.2.1	0.8968895018758914
auto.L.1.1.1	0.049467744779492714
L	0.05364275334461584
