Lineage	Frequency
auto.L.1.1	0.5211815487259586
auto.L.1.3	0.47881845127404155
