Lineage	Frequency
auto.L.2.1	0.591765313275117
L	0.2470283845459329
auto.L.1.1.1	0.1612063021789501
