REGION	POS	REF	ALT	REF_DP	REF_RV	REF_QUAL	ALT_DP	ALT_RV	ALT_QUAL	ALT_FREQ	TOTAL_DP	PVAL	PASS	GFF_FEATURE	REF_CODON	REF_AA	ALT_CODON	ALT_AA
NC_045512.2	39	A	T	1000.0	0	33	0.0	0	33	0.0	1000	0	TRUE	NA	NA	NA	NA	NA
NC_045512.2	75	C	T	1000.0	0	33	0.0	0	33	0.0	1000	0	TRUE	NA	NA	NA	NA	NA
NC_045512.2	151	G	T	401.22683285341174	0	33	598.7731671465882	0	33	0.5987731671465882	1000	0	TRUE	NA	NA	NA	NA	NA
NC_045512.2	282	T	G	598.7731671465883	0	33	401.22683285341174	0	33	0.4012268328534117	1000	0	TRUE	NA	NA	NA	NA	NA
NC_045512.2	314	T	G	1000.0	0	33	0.0	0	33	0.0	1000	0	TRUE	NA	NA	NA	NA	NA
NC_045512.2	379	T	G	1000.0	0	33	0.0	0	33	0.0	1000	0	TRUE	NA	NA	NA	NA	NA
NC_045512.2	440	C	T	401.22683285341174	0	33	598.7731671465882	0	33	0.5987731671465882	1000	0	TRUE	NA	NA	NA	NA	NA
NC_045512.2	446	T	G	598.7731671465883	0	33	401.22683285341174	0	33	0.4012268328534117	1000	0	TRUE	NA	NA	NA	NA	NA
NC_045512.2	500	C	T	1000.0	0	33	0.0	0	33	0.0	1000	0	TRUE	NA	NA	NA	NA	NA
NC_045512.2	525	C	T	0.0	0	33	1000.0	0	33	1.0	1000	0	TRUE	NA	NA	NA	NA	NA
NC_045512.2	537	G	T	0.0	0	33	1000.0	0	33	1.0	1000	0	TRUE	NA	NA	NA	NA	NA
NC_045512.2	555	C	T	1000.0	0	33	0.0	0	33	0.0	1000	0	TRUE	NA	NA	NA	NA	NA
NC_045512.2	604	G	T	1000.0	0	33	0.0	0	33	0.0	1000	0	TRUE	NA	NA	NA	NA	NA
NC_045512.2	732	T	G	401.22683285341174	0	33	598.7731671465882	0	33	0.5987731671465882	1000	0	TRUE	NA	NA	NA	NA	NA
NC_045512.2	735	C	T	1000.0	0	33	0.0	0	33	0.0	1000	0	TRUE	NA	NA	NA	NA	NA
NC_045512.2	750	T	C	598.7731671465883	0	33	401.22683285341174	0	33	0.4012268328534117	1000	0	TRUE	NA	NA	NA	NA	NA
NC_045512.2	751	C	T	1000.0	0	33	0.0	0	33	0.0	1000	0	TRUE	NA	NA	NA	NA	NA
NC_045512.2	800	T	G	401.22683285341174	0	33	598.7731671465882	0	33	0.5987731671465882	1000	0	TRUE	NA	NA	NA	NA	NA
NC_045512.2	802	T	G	598.7731671465883	0	33	401.22683285341174	0	33	0.4012268328534117	1000	0	TRUE	NA	NA	NA	NA	NA
NC_045512.2	807	G	T	1000.0	0	33	0.0	0	33	0.0	1000	0	TRUE	NA	NA	NA	NA	NA
NC_045512.2	972	C	T	1000.0	0	33	0.0	0	33	0.0	1000	0	TRUE	NA	NA	NA	NA	NA
NC_045512.2	997	T	G	0.0	0	33	1000.0	0	33	1.0	1000	0	TRUE	NA	NA	NA	NA	NA
