Lineage	Frequency
auto.L.2.2	0.8775928623114329
L	0.12240713768856719
