Lineage	Frequency
auto.L.1.3.1	0.9261094468473672
auto.L.1.3	0.020692428154972294
auto.L.1.2	0.05319812499766061
