Lineage	Frequency
auto.L.2	0.4349975380115702
auto.L.3	0.56500246198843
