Lineage	Frequency
L.1.2XL.1.2.2_high_1	0.9560851319100121
auto.L.1.3	0.043914868089988
