Lineage	Frequency
auto.L.1.2.1	0.45038246283004696
auto.L.1.2	0.549617537169953
