REGION	POS	REF	ALT	REF_DP	REF_RV	REF_QUAL	ALT_DP	ALT_RV	ALT_QUAL	ALT_FREQ	TOTAL_DP	PVAL	PASS	GFF_FEATURE	REF_CODON	REF_AA	ALT_CODON	ALT_AA
NC_045512.2	39	A	T	395.7219687885428	0	33	604.2780312114572	0	33	0.6042780312114572	1000	0	TRUE	NA	NA	NA	NA	NA
NC_045512.2	75	C	T	924.2710685904252	0	33	75.72893140957487	0	33	0.07572893140957487	1000	0	TRUE	NA	NA	NA	NA	NA
NC_045512.2	151	G	T	0.0	0	33	1000.0	0	33	1.0	1000	0	TRUE	NA	NA	NA	NA	NA
NC_045512.2	282	T	G	1000.0	0	33	0.0	0	33	0.0	1000	0	TRUE	NA	NA	NA	NA	NA
NC_045512.2	314	T	G	924.2710685904252	0	33	75.72893140957487	0	33	0.07572893140957487	1000	0	TRUE	NA	NA	NA	NA	NA
NC_045512.2	379	T	G	924.2710685904252	0	33	75.72893140957487	0	33	0.07572893140957487	1000	0	TRUE	NA	NA	NA	NA	NA
NC_045512.2	440	C	T	1000.0	0	33	0.0	0	33	0.0	1000	0	TRUE	NA	NA	NA	NA	NA
NC_045512.2	446	T	G	1000.0	0	33	0.0	0	33	0.0	1000	0	TRUE	NA	NA	NA	NA	NA
NC_045512.2	500	C	T	924.2710685904252	0	33	75.72893140957487	0	33	0.07572893140957487	1000	0	TRUE	NA	NA	NA	NA	NA
NC_045512.2	525	C	T	1000.0	0	33	0.0	0	33	0.0	1000	0	TRUE	NA	NA	NA	NA	NA
NC_045512.2	537	G	T	1000.0	0	33	0.0	0	33	0.0	1000	0	TRUE	NA	NA	NA	NA	NA
NC_045512.2	555	C	T	924.2710685904252	0	33	75.72893140957487	0	33	0.07572893140957487	1000	0	TRUE	NA	NA	NA	NA	NA
NC_045512.2	604	G	T	395.7219687885428	0	33	604.2780312114572	0	33	0.6042780312114572	1000	0	TRUE	NA	NA	NA	NA	NA
NC_045512.2	732	T	G	1000.0	0	33	0.0	0	33	0.0	1000	0	TRUE	NA	NA	NA	NA	NA
NC_045512.2	735	C	T	395.7219687885428	0	33	604.2780312114572	0	33	0.6042780312114572	1000	0	TRUE	NA	NA	NA	NA	NA
NC_045512.2	750	T	C	1000.0	0	33	0.0	0	33	0.0	1000	0	TRUE	NA	NA	NA	NA	NA
NC_045512.2	751	C	T	924.2710685904252	0	33	75.72893140957487	0	33	0.07572893140957487	1000	0	TRUE	NA	NA	NA	NA	NA
NC_045512.2	800	T	G	75.72893140957493	0	33	924.2710685904251	0	33	0.9242710685904251	1000	0	TRUE	NA	NA	NA	NA	NA
NC_045512.2	802	T	G	1000.0	0	33	0.0	0	33	0.0	1000	0	TRUE	NA	NA	NA	NA	NA
NC_045512.2	807	G	T	1000.0	0	33	0.0	0	33	0.0	1000	0	TRUE	NA	NA	NA	NA	NA
NC_045512.2	972	C	T	924.2710685904252	0	33	75.72893140957487	0	33	0.07572893140957487	1000	0	TRUE	NA	NA	NA	NA	NA
NC_045512.2	997	T	G	1000.0	0	33	0.0	0	33	0.0	1000	0	TRUE	NA	NA	NA	NA	NA
