Lineage	Frequency
L.1.1XL.1.4_high_1	0.7853152860440115
auto.L.1.2	0.21468471395598857
