Lineage	Frequency
auto.L.1.2.2	0.26464249192330813
L.1.2XL.1.2.2_high_1	0.4139902225219985
auto.L.1.1	0.2626628180855656
auto.L.1	0.05870446746912776
