Lineage	Frequency
auto.L.2.1	0.6821323112054736
auto.L.2.1.2	0.31786768879452637
