Lineage	Frequency
auto.L.3	0.5797986376675853
auto.L.2.2.1	0.40705885473869174
auto.L.1.1	0.01314250759372286
