REGION	POS	REF	ALT	REF_DP	REF_RV	REF_QUAL	ALT_DP	ALT_RV	ALT_QUAL	ALT_FREQ	TOTAL_DP	PVAL	PASS	GFF_FEATURE	REF_CODON	REF_AA	ALT_CODON	ALT_AA
NC_045512.2	174	T	C	350.9643405044065	0	33	649.0356594955934	0	33	0.6490356594955935	1000	0	TRUE	NA	NA	NA	NA	NA
NC_045512.2	207	T	G	834.7072783520415	0	33	165.29272164795853	0	33	0.16529272164795852	1000	0	TRUE	NA	NA	NA	NA	NA
NC_045512.2	372	T	G	1000.0	0	33	0.0	0	33	0.0	1000	0	TRUE	NA	NA	NA	NA	NA
NC_045512.2	427	T	G	834.7072783520415	0	33	165.29272164795853	0	33	0.16529272164795852	1000	0	TRUE	NA	NA	NA	NA	NA
NC_045512.2	479	G	T	369.0837634141435	0	33	630.9162365858565	0	33	0.6309162365858565	1000	0	TRUE	NA	NA	NA	NA	NA
NC_045512.2	568	G	T	834.7072783520415	0	33	165.29272164795853	0	33	0.16529272164795852	1000	0	TRUE	NA	NA	NA	NA	NA
NC_045512.2	619	T	G	105.43662636728013	0	33	894.5633736327198	0	33	0.8945633736327199	1000	0	TRUE	NA	NA	NA	NA	NA
