Lineage	Frequency
auto.L.2	0.39994021011360886
auto.L.1.2	0.6000597898863912
