Lineage	Frequency
auto.L.2.1	0.4769380576874103
auto.L.1.1	0.16520798692798982
auto.L.1	0.07989333287791
L	0.1744833871743951
auto.L.1.2	0.10347723533229468
