Lineage	Frequency
auto.L.2.1.1	0.6270968683592616
auto.L.1	0.37290313164073835
