Lineage	Frequency
auto.L.1.1	0.633145477057876
auto.L.5	0.05346388196459744
auto.L.5.1	0.16833081289638024
auto.L.4	0.06488887334182761
L.1XL.2_high_1	0.08017095473931866
