Lineage	Frequency
auto.L.1.2	0.5532625463090372
auto.L.1.3	0.23637224180895042
L.1.2.1XL.1.3_high_1	0.21036521188201254
