Lineage	Frequency
auto.L.5.1	0.485376860456054
L	0.3365888219911542
auto.L.1	0.1780343175527918
