Lineage	Frequency
L	0.17626338689733725
auto.L.1.2.1	0.33158427827076725
auto.L.1	0.4833254549614416
auto.L.1.1.1	0.008826879870454083
