Lineage	Frequency
auto.L.2.2	0.23896647776615204
auto.L.2.1	0.7610335222338479
