REGION	POS	REF	ALT	REF_DP	REF_RV	REF_QUAL	ALT_DP	ALT_RV	ALT_QUAL	ALT_FREQ	TOTAL_DP	PVAL	PASS	GFF_FEATURE	REF_CODON	REF_AA	ALT_CODON	ALT_AA
NC_045512.2	203	T	C	1000.0	0	33	0.0	0	33	0.0	1000	0	TRUE	NA	NA	NA	NA	NA
NC_045512.2	221	T	C	1000.0	0	33	0.0	0	33	0.0	1000	0	TRUE	NA	NA	NA	NA	NA
NC_045512.2	374	T	C	818.9202367593593	0	33	181.07976324064066	0	33	0.18107976324064065	1000	0	TRUE	NA	NA	NA	NA	NA
NC_045512.2	396	T	G	818.9202367593593	0	33	181.07976324064066	0	33	0.18107976324064065	1000	0	TRUE	NA	NA	NA	NA	NA
NC_045512.2	675	T	G	739.9934087479933	0	33	260.0065912520068	0	33	0.26000659125200676	1000	0	TRUE	NA	NA	NA	NA	NA
NC_045512.2	903	G	A	739.9934087479933	0	33	260.0065912520068	0	33	0.26000659125200676	1000	0	TRUE	NA	NA	NA	NA	NA
NC_045512.2	943	G	T	818.9202367593593	0	33	181.07976324064066	0	33	0.18107976324064065	1000	0	TRUE	NA	NA	NA	NA	NA
