Lineage	Frequency
L	0.9242887235558271
auto.L.1.2.2	0.07571127644417278
