Lineage	Frequency
auto.L.2.1.2	0.6355869237698051
L	0.364413076230195
