Lineage	Frequency
auto.L.1.1	0.8524121623106387
L.1XL.1.1.1_high_1	0.1475878376893614
