Lineage	Frequency
auto.L.1.1	0.31410820475843554
auto.L.1.4	0.4378534952943745
auto.L.1.2	0.24578934813567443
auto.L.1	0.002248951811515627
