Lineage	Frequency
L.1.1XL.2.1.1_high_1	0.853583484673643
L.2XL.3_high_1	0.14641651532635705
