Lineage	Frequency
auto.L.1	0.44127190284670775
L.2.1.1XL.2.2_high_1	0.3357271331230259
L	0.21202489465138447
auto.L.3	0.010976069378881896
