Lineage	Frequency
auto.L.1	0.2820815953379622
auto.L.1.1	0.5815386051543228
L.1XL.1.1.2.1_high_1	0.13637979950771525
