Lineage	Frequency
auto.L.2.1	0.224555076013765
auto.L.2	0.3205032587094687
auto.L.2.1.1	0.24410551504500896
auto.L.1	0.14093334978335895
auto.L.3	0.06990280044839829
