Lineage	Frequency
auto.L.1.1	0.5160826716003982
auto.L.2	0.41062273290181517
L.1.1XL.2.2_high_1	0.07329459549778664
