REGION	POS	REF	ALT	REF_DP	REF_RV	REF_QUAL	ALT_DP	ALT_RV	ALT_QUAL	ALT_FREQ	TOTAL_DP	PVAL	PASS	GFF_FEATURE	REF_CODON	REF_AA	ALT_CODON	ALT_AA
NC_045512.2	229	G	T	821.303257730673	0	33	178.69674226932702	0	33	0.17869674226932702	1000	0	TRUE	NA	NA	NA	NA	NA
NC_045512.2	246	T	G	1.1102230246251565e-13	0	33	999.9999999999999	0	33	0.9999999999999999	1000	0	TRUE	NA	NA	NA	NA	NA
