Lineage	Frequency
L.1XL.1.2.1_low_1	0.5436708688812931
L	0.433487569104078
auto.L.1.2.2	0.022841562014628877
