REGION	POS	REF	ALT	REF_DP	REF_RV	REF_QUAL	ALT_DP	ALT_RV	ALT_QUAL	ALT_FREQ	TOTAL_DP	PVAL	PASS	GFF_FEATURE	REF_CODON	REF_AA	ALT_CODON	ALT_AA
NC_045512.2	63	T	G	932.5091584326035	0	33	67.49084156739646	0	33	0.06749084156739646	1000	0	TRUE	NA	NA	NA	NA	NA
NC_045512.2	279	T	C	997.4690817294472	0	33	2.5309182705527733	0	33	0.0025309182705527734	1000	0	TRUE	NA	NA	NA	NA	NA
NC_045512.2	506	C	T	1000.0	0	33	0.0	0	33	0.0	1000	0	TRUE	NA	NA	NA	NA	NA
