Lineage	Frequency
L	0.21585598839369874
auto.L.1	0.2627257800607607
auto.L.2.1.1	0.26387590295381574
auto.L.2.1	0.20678044361333084
auto.L.2.2	0.05076188497839403
