REGION	POS	REF	ALT	REF_DP	REF_RV	REF_QUAL	ALT_DP	ALT_RV	ALT_QUAL	ALT_FREQ	TOTAL_DP	PVAL	PASS	GFF_FEATURE	REF_CODON	REF_AA	ALT_CODON	ALT_AA
NC_045512.2	126	T	G	751.2049609223732	0	33	248.79503907762674	0	33	0.24879503907762673	1000	0	TRUE	NA	NA	NA	NA	NA
NC_045512.2	180	T	G	248.79503907762668	0	33	751.2049609223733	0	33	0.7512049609223733	1000	0	TRUE	NA	NA	NA	NA	NA
NC_045512.2	374	T	C	1000.0	0	33	0.0	0	33	0.0	1000	0	TRUE	NA	NA	NA	NA	NA
NC_045512.2	459	T	C	751.2049609223732	0	33	248.79503907762674	0	33	0.24879503907762673	1000	0	TRUE	NA	NA	NA	NA	NA
NC_045512.2	588	G	T	751.2049609223732	0	33	248.79503907762674	0	33	0.24879503907762673	1000	0	TRUE	NA	NA	NA	NA	NA
NC_045512.2	606	T	C	751.2049609223732	0	33	248.79503907762674	0	33	0.24879503907762673	1000	0	TRUE	NA	NA	NA	NA	NA
NC_045512.2	748	C	T	1000.0	0	33	0.0	0	33	0.0	1000	0	TRUE	NA	NA	NA	NA	NA
NC_045512.2	864	T	G	1000.0	0	33	0.0	0	33	0.0	1000	0	TRUE	NA	NA	NA	NA	NA
NC_045512.2	941	C	T	758.4230634979527	0	33	241.57693650204723	0	33	0.24157693650204723	1000	0	TRUE	NA	NA	NA	NA	NA
NC_045512.2	984	T	C	1000.0	0	33	0.0	0	33	0.0	1000	0	TRUE	NA	NA	NA	NA	NA
