Lineage	Frequency
auto.L.1.3	0.502539272241517
auto.L.1.2	0.46598868019055684
L.1.3XL.2_low_1	0.0314720475679262
