Lineage	Frequency
L.1.1XL.4_low_1	0.3438918940374341
auto.L.5.1	0.5328652425073855
auto.L.4	0.12324286345518035
