Lineage	Frequency
L	0.10543662636728011
auto.L.1.2	0.6309162365858565
auto.L.2.1	0.16529272164795852
auto.L.1	0.0802349924891679
L.1.1XL.1.2_high_1	0.018119422909737042
