Lineage	Frequency
auto.L.1.1.1	0.7313756968460743
L.1XL.1.2.1_high_1	0.2686243031539257
