Lineage	Frequency
auto.L.2	0.32339633510404886
L.2XL.2.1.1_high_1	0.5590308797573023
auto.L.2.1	0.11757278513864888
