Lineage	Frequency
auto.L.1.2	0.5932458701421435
L	0.06749307415377298
L.1.3XL.2_high_1	0.33926105570408355
