Lineage	Frequency
auto.L.2	0.4337440479769862
L	0.32268863608445686
L.1.1XL.5.1_high_1	0.11255482561594549
auto.L.5	0.09614747053284162
auto.L.5.1	0.03486501978976988
