Lineage	Frequency
auto.L.1.1.3	0.4050097625909704
L	0.34192505395272754
auto.L.1.1.1.1	0.1658354331019995
auto.L.1.2	0.08722975035430251
