Lineage	Frequency
auto.L.1.2.1	0.8619352729288037
auto.L.1.2	0.13806472707119644
