REGION	POS	REF	ALT	REF_DP	REF_RV	REF_QUAL	ALT_DP	ALT_RV	ALT_QUAL	ALT_FREQ	TOTAL_DP	PVAL	PASS	GFF_FEATURE	REF_CODON	REF_AA	ALT_CODON	ALT_AA
NC_045512.2	126	T	G	1000.0	0	33	0.0	0	33	0.0	1000	0	TRUE	NA	NA	NA	NA	NA
NC_045512.2	180	T	G	518.4331868035974	0	33	481.5668131964026	0	33	0.4815668131964026	1000	0	TRUE	NA	NA	NA	NA	NA
NC_045512.2	374	T	C	716.2950665626769	0	33	283.7049334373231	0	33	0.2837049334373231	1000	0	TRUE	NA	NA	NA	NA	NA
NC_045512.2	459	T	C	599.4111544935274	0	33	400.58884550647264	0	33	0.4005888455064726	1000	0	TRUE	NA	NA	NA	NA	NA
NC_045512.2	588	G	T	481.56681319640273	0	33	518.4331868035973	0	33	0.5184331868035973	1000	0	TRUE	NA	NA	NA	NA	NA
NC_045512.2	606	T	C	481.56681319640273	0	33	518.4331868035973	0	33	0.5184331868035973	1000	0	TRUE	NA	NA	NA	NA	NA
NC_045512.2	748	C	T	1000.0	0	33	0.0	0	33	0.0	1000	0	TRUE	NA	NA	NA	NA	NA
NC_045512.2	864	T	G	843.0615232422448	0	33	156.93847675775515	0	33	0.15693847675775516	1000	0	TRUE	NA	NA	NA	NA	NA
NC_045512.2	941	C	T	843.0615232422448	0	33	156.93847675775515	0	33	0.15693847675775516	1000	0	TRUE	NA	NA	NA	NA	NA
NC_045512.2	984	T	C	882.1556587028753	0	33	117.84434129712471	0	33	0.11784434129712472	1000	0	TRUE	NA	NA	NA	NA	NA
