Lineage	Frequency
auto.L.4	0.4329451557693349
auto.L.3	0.399232940849241
L	0.049096870973705006
auto.L.1.1	0.10298959347704777
auto.L.3.1	0.015735438930671402
