REGION	POS	REF	ALT	REF_DP	REF_RV	REF_QUAL	ALT_DP	ALT_RV	ALT_QUAL	ALT_FREQ	TOTAL_DP	PVAL	PASS	GFF_FEATURE	REF_CODON	REF_AA	ALT_CODON	ALT_AA
NC_045512.2	87	T	C	1000.0	0	33	0.0	0	33	0.0	1000	0	TRUE	NA	NA	NA	NA	NA
NC_045512.2	194	C	T	974.5944482335893	0	33	25.405551766410635	0	33	0.025405551766410635	1000	0	TRUE	NA	NA	NA	NA	NA
NC_045512.2	337	T	G	646.4209199522376	0	33	353.5790800477624	0	33	0.3535790800477624	1000	0	TRUE	NA	NA	NA	NA	NA
NC_045512.2	659	T	C	1000.0	0	33	0.0	0	33	0.0	1000	0	TRUE	NA	NA	NA	NA	NA
NC_045512.2	737	G	T	25.40555176641057	0	33	974.5944482335894	0	33	0.9745944482335894	1000	0	TRUE	NA	NA	NA	NA	NA
NC_045512.2	884	C	T	646.4209199522376	0	33	353.5790800477624	0	33	0.3535790800477624	1000	0	TRUE	NA	NA	NA	NA	NA
