Lineage	Frequency
auto.L.2.1	0.9345398625779929
L.1.1XL.2_high_1	0.06431511689256314
L	0.0011450205294437732
