Lineage	Frequency
L	0.31445583433670005
auto.L.1.2	0.49785605951210926
auto.L.1.3	0.08291584544832584
auto.L.1.4	0.07886654001101581
auto.L.1.1.1	0.025905720691848978
