Lineage	Frequency
L.1XL.2_high_1	0.9057975212668733
auto.L.2.1.2	0.09420247873312669
