REGION	POS	REF	ALT	REF_DP	REF_RV	REF_QUAL	ALT_DP	ALT_RV	ALT_QUAL	ALT_FREQ	TOTAL_DP	PVAL	PASS	GFF_FEATURE	REF_CODON	REF_AA	ALT_CODON	ALT_AA
NC_045512.2	39	A	T	406.7541298578565	0	33	593.2458701421434	0	33	0.5932458701421435	1000	0	TRUE	NA	NA	NA	NA	NA
NC_045512.2	75	C	T	1000.0	0	33	0.0	0	33	0.0	1000	0	TRUE	NA	NA	NA	NA	NA
NC_045512.2	151	G	T	67.49307415377292	0	33	932.5069258462271	0	33	0.9325069258462271	1000	0	TRUE	NA	NA	NA	NA	NA
NC_045512.2	282	T	G	1000.0	0	33	0.0	0	33	0.0	1000	0	TRUE	NA	NA	NA	NA	NA
NC_045512.2	314	T	G	1000.0	0	33	0.0	0	33	0.0	1000	0	TRUE	NA	NA	NA	NA	NA
NC_045512.2	379	T	G	1000.0	0	33	0.0	0	33	0.0	1000	0	TRUE	NA	NA	NA	NA	NA
NC_045512.2	440	C	T	660.7389442959164	0	33	339.26105570408356	0	33	0.33926105570408355	1000	0	TRUE	NA	NA	NA	NA	NA
NC_045512.2	446	T	G	1000.0	0	33	0.0	0	33	0.0	1000	0	TRUE	NA	NA	NA	NA	NA
NC_045512.2	500	C	T	1000.0	0	33	0.0	0	33	0.0	1000	0	TRUE	NA	NA	NA	NA	NA
NC_045512.2	525	C	T	660.7389442959164	0	33	339.26105570408356	0	33	0.33926105570408355	1000	0	TRUE	NA	NA	NA	NA	NA
NC_045512.2	537	G	T	660.7389442959164	0	33	339.26105570408356	0	33	0.33926105570408355	1000	0	TRUE	NA	NA	NA	NA	NA
NC_045512.2	555	C	T	1000.0	0	33	0.0	0	33	0.0	1000	0	TRUE	NA	NA	NA	NA	NA
NC_045512.2	604	G	T	406.7541298578565	0	33	593.2458701421434	0	33	0.5932458701421435	1000	0	TRUE	NA	NA	NA	NA	NA
NC_045512.2	732	T	G	660.7389442959164	0	33	339.26105570408356	0	33	0.33926105570408355	1000	0	TRUE	NA	NA	NA	NA	NA
NC_045512.2	735	C	T	406.7541298578565	0	33	593.2458701421434	0	33	0.5932458701421435	1000	0	TRUE	NA	NA	NA	NA	NA
NC_045512.2	750	T	C	1000.0	0	33	0.0	0	33	0.0	1000	0	TRUE	NA	NA	NA	NA	NA
NC_045512.2	751	C	T	1000.0	0	33	0.0	0	33	0.0	1000	0	TRUE	NA	NA	NA	NA	NA
NC_045512.2	800	T	G	67.49307415377292	0	33	932.5069258462271	0	33	0.9325069258462271	1000	0	TRUE	NA	NA	NA	NA	NA
NC_045512.2	802	T	G	1000.0	0	33	0.0	0	33	0.0	1000	0	TRUE	NA	NA	NA	NA	NA
NC_045512.2	807	G	T	1000.0	0	33	0.0	0	33	0.0	1000	0	TRUE	NA	NA	NA	NA	NA
NC_045512.2	972	C	T	1000.0	0	33	0.0	0	33	0.0	1000	0	TRUE	NA	NA	NA	NA	NA
NC_045512.2	997	T	G	660.7389442959164	0	33	339.26105570408356	0	33	0.33926105570408355	1000	0	TRUE	NA	NA	NA	NA	NA
