Lineage	Frequency
L.1XL.1.1_high_1	0.8535713682121079
auto.L.1.3	0.14642863178789212
