Lineage	Frequency
auto.L.1.1.3	0.35454198099424805
auto.L.1.1	0.28928021960311256
auto.L.1.1.1	0.22787584371595015
auto.L.1.1.4	0.12830195568668926
