Lineage	Frequency
auto.L.2.1.1	0.4655678008599035
L.2.1XL.2.2_high_1	0.21726058577794555
auto.L.1	0.1319210635079596
auto.L.2	0.18525054985419126
