Lineage	Frequency
auto.L.2	0.5255357973445126
L.1.1XL.2.2_low_1	0.25109141192887174
L	0.11242850308296998
auto.L.2.1.1	0.1109442876436456
