Lineage	Frequency
L.1.1XL.1.1.2_high_1	0.954474080003393
auto.L.1.1	0.04552591999660702
