Lineage	Frequency
auto.L.1.1.1	0.6806326936107586
auto.L.1.1	0.3193673063892414
