Lineage	Frequency
L.1.1XL.2.2_high_1	0.66480122867038
auto.L.2.2	0.33519877132962
