REGION	POS	REF	ALT	REF_DP	REF_RV	REF_QUAL	ALT_DP	ALT_RV	ALT_QUAL	ALT_FREQ	TOTAL_DP	PVAL	PASS	GFF_FEATURE	REF_CODON	REF_AA	ALT_CODON	ALT_AA
NC_045512.2	17	T	C	0.0	0	33	1000.0	0	33	1.0	1000	0	TRUE	NA	NA	NA	NA	NA
NC_045512.2	94	T	C	0.0	0	33	1000.0	0	33	1.0	1000	0	TRUE	NA	NA	NA	NA	NA
NC_045512.2	120	T	G	1000.0	0	33	0.0	0	33	0.0	1000	0	TRUE	NA	NA	NA	NA	NA
NC_045512.2	204	C	T	704.2620849671773	0	33	295.7379150328226	0	33	0.29573791503282265	1000	0	TRUE	NA	NA	NA	NA	NA
NC_045512.2	323	T	G	704.2620849671773	0	33	295.7379150328226	0	33	0.29573791503282265	1000	0	TRUE	NA	NA	NA	NA	NA
NC_045512.2	428	T	G	313.4045849762823	0	33	686.5954150237177	0	33	0.6865954150237177	1000	0	TRUE	NA	NA	NA	NA	NA
NC_045512.2	454	T	G	313.4045849762823	0	33	686.5954150237177	0	33	0.6865954150237177	1000	0	TRUE	NA	NA	NA	NA	NA
NC_045512.2	481	T	G	0.0	0	33	1000.0	0	33	1.0	1000	0	TRUE	NA	NA	NA	NA	NA
NC_045512.2	531	T	G	0.0	0	33	1000.0	0	33	1.0	1000	0	TRUE	NA	NA	NA	NA	NA
NC_045512.2	623	T	G	313.4045849762823	0	33	686.5954150237177	0	33	0.6865954150237177	1000	0	TRUE	NA	NA	NA	NA	NA
NC_045512.2	644	T	C	0.0	0	33	1000.0	0	33	1.0	1000	0	TRUE	NA	NA	NA	NA	NA
NC_045512.2	673	A	G	1000.0	0	33	0.0	0	33	0.0	1000	0	TRUE	NA	NA	NA	NA	NA
NC_045512.2	729	T	C	0.0	0	33	1000.0	0	33	1.0	1000	0	TRUE	NA	NA	NA	NA	NA
NC_045512.2	829	G	A	0.0	0	33	1000.0	0	33	1.0	1000	0	TRUE	NA	NA	NA	NA	NA
NC_045512.2	963	T	C	0.0	0	33	1000.0	0	33	1.0	1000	0	TRUE	NA	NA	NA	NA	NA
NC_045512.2	964	G	T	1000.0	0	33	0.0	0	33	0.0	1000	0	TRUE	NA	NA	NA	NA	NA
