Lineage	Frequency
L.1.1XL.2_low_1	0.7552930081667625
auto.L.1	0.24470699183323766
