Lineage	Frequency
L	0.9988126434539956
auto.L.3	0.00118735654600433
