Lineage	Frequency
L.2.1XL.2.2_low_1	0.8014068945671639
L	0.18221564832765705
auto.L.2	0.016377457105179
