Lineage	Frequency
auto.L.1.1.1.1	0.8210914348505395
auto.L.1.1.2.3	0.1789085651494604
