Lineage	Frequency
auto.L.1.1.1	0.2517691579086198
L.1XL.1.1_high_1	0.676089941805637
auto.L.1.4	0.07214090028574334
