Lineage	Frequency
auto.L.1.2.2	0.9815228786504854
auto.L.1.1.1	0.018477121349514538
