Lineage	Frequency
auto.L.1.2	0.5656688267427188
auto.L.2.1	0.3353155202986015
auto.L.2.1.1	0.09901565295867969
