Lineage	Frequency
L.1.1.2XL.1.4_high_1	0.8367425754903551
auto.L.1.3	0.14748213035344027
auto.L.1.1	0.015775294156204527
