Lineage	Frequency
auto.L.2	0.4095523598520108
auto.L.2.1	0.30795704675209323
auto.L.1	0.2824905933958959
