Lineage	Frequency
L	0.6907927669041828
auto.L.1.2	0.25049533549248626
auto.L.1	0.058711897603330974
