Lineage	Frequency
auto.L.1.3	0.7655315493162459
L.1XL.1.2.1_high_1	0.23446845068375413
