Lineage	Frequency
auto.L.2.1.1	0.3938137877087027
L.2XL.2.1_high_1	0.49772070288638776
auto.L.1.1	0.10846550940490945
