Lineage	Frequency
auto.L.1.2.1	0.6090907860112584
auto.L.1.1	0.29914626910606257
auto.L.1.1.1	0.09176294488267883
