Lineage	Frequency
L.1.2.1XL.1.3_high_1	0.7820501146485223
auto.L.1.3	0.21794988535147772
