Lineage	Frequency
L.1XL.1.4_high_1	0.9324711796608269
auto.L.1.1.2	0.067528820339173
