Lineage	Frequency
auto.L.1.3	0.4182478378648585
auto.L.1.2	0.10888699737423423
auto.L.1	0.40899814883839636
L.1.1XL.1.2_low_1	0.06386701592251083
