Lineage	Frequency
L.1.1XL.1.4_high_1	0.8661634637270049
auto.L.1.1.2	0.10052651831301711
L	0.033310017959977976
