REGION	POS	REF	ALT	REF_DP	REF_RV	REF_QUAL	ALT_DP	ALT_RV	ALT_QUAL	ALT_FREQ	TOTAL_DP	PVAL	PASS	GFF_FEATURE	REF_CODON	REF_AA	ALT_CODON	ALT_AA
NC_045512.2	97	T	G	868.0789364920404	0	33	131.9210635079596	0	33	0.1319210635079596	1000	0	TRUE	NA	NA	NA	NA	NA
NC_045512.2	287	T	C	868.0789364920404	0	33	131.9210635079596	0	33	0.1319210635079596	1000	0	TRUE	NA	NA	NA	NA	NA
