Lineage	Frequency
auto.L.1.1	0.789533541151934
L.1.3XL.2.1_high_1	0.21046645884806595
