Lineage	Frequency
auto.L.2.1	0.464343488475486
auto.L.1	0.1100505572798995
L.1.1XL.2.1.1_high_1	0.3468899648619095
L	0.07871598938270483
