Lineage	Frequency
auto.L.1.2	0.6165362597131553
auto.L.2	0.38346374028684466
