Lineage	Frequency
L.1.1XL.3_high_1	0.3122480585187853
auto.L.2	0.6877519414812148
