Lineage	Frequency
L.1.1.1XL.1.2_high_1	0.4569835473191962
auto.L.1.1	0.42548811066202785
auto.L.1.3	0.1175283420187759
