Lineage	Frequency
L.1.1XL.3_high_1	0.3937310139006136
L.2XL.5_low_1	0.3159589621607224
auto.L.2	0.21795748670535167
auto.L.1	0.07235253723331232
