Lineage	Frequency
auto.L.1.1.1	0.5440311528421523
auto.L.1.1.1.1	0.4169921720110258
L	0.038976675146822036
