Lineage	Frequency
auto.L.1.3	0.4692266408198065
auto.L.1.1.1	0.1439119540446238
auto.L.1	0.3868614051355697
