Lineage	Frequency
L.1.3XL.2_high_1	0.5987731671465882
auto.L.2.1	0.4012268328534117
