Lineage	Frequency
L.1.1.1XL.3_low_1	0.8179719587568411
L.1.2XL.2.1_high_1	0.18202804124315888
