Lineage	Frequency
auto.L.3	0.19310447756647628
auto.L.3.2	0.2445226209234617
L.1XL.2_high_1	0.1844426791803755
auto.L.2.1	0.37793022232968654
