Lineage	Frequency
L	0.5740106369120156
auto.L.1.1	0.42476090589244997
L.1XL.5.1_low_1	0.0012284571955342761
