Lineage	Frequency
auto.L.2	0.5616411752814741
auto.L.1.1	0.34378281428445157
L	0.09457601043407439
