Lineage	Frequency
L.1.2.2XL.1.3_high_1	0.22009401735219972
L	0.28107337988045805
auto.L.1.2	0.4815347354842618
auto.L.1.1	0.017297867283080498
