Lineage	Frequency
L	0.22038248376165268
auto.L.2	0.3362092868587826
auto.L.1.3	0.22163526443401296
L.2.1XL.3_low_1	0.22177296494555185
